Row.names,baseMean,log2FoldChange,lfcSE,stat,pvalue,padj,Chromosome,Gene_start,Gene_end,Strand,Gene_type,SYMBOL
ENSG00000181626,0.246272501,-30.0,4.018502953,-7.465466705,8.3e-14,2.79e-10,18,12093843,12129764,1,protein_coding,ANKRD62
ENSG00000162624,0.663987512,29.91083438,4.005070008,7.468242583,8.13e-14,2.79e-10,1,75128434,75161533,1,protein_coding,LHX8
ENSG00000123561,3.410848294,29.93670245,4.007001513,7.471098364,7.95e-14,2.79e-10,X,106032435,106038727,-1,protein_coding,SERPINA7
ENSG00000227234,5.145686911,29.99345545,4.007089096,7.485098217,7.15e-14,2.79e-10,X,141002594,141003706,1,protein_coding,SPANXB1
ENSG00000106927,9.796322578,30.0,4.001334891,7.497497914,6.5e-14,2.79e-10,9,114060127,114078328,-1,protein_coding,AMBP
ENSG00000136881,5.75659471,30.0,3.999265635,7.501377187,6.32e-14,2.79e-10,9,101354182,101385400,-1,protein_coding,BAAT
ENSG00000181215,0.2585744,30.0,4.011012734,7.479407818,7.47e-14,2.79e-10,4,5897373,6200555,-1,protein_coding,C4orf50
ENSG00000125798,0.560862903,26.65315075,4.007583377,6.650679037,2.92e-11,5.33e-08,20,22580998,22585455,-1,protein_coding,FOXA2
ENSG00000241119,1.528583562,26.49254372,4.007283229,6.611098395,3.81e-11,6.42e-08,2,233671898,233773300,1,protein_coding,UGT1A9
ENSG00000254647,0.360742884,25.64273934,4.008367353,6.397302713,1.58e-10,2.56e-07,11,2159779,2161221,-1,protein_coding,INS
ENSG00000088926,0.40713716,25.59789617,4.008141181,6.38647568,1.7e-10,2.64e-07,4,186266189,186289681,1,protein_coding,F11
ENSG00000091583,8.263089806,25.11478116,4.014808025,6.255537251,3.96e-10,5.95e-07,17,66212033,66256525,-1,protein_coding,APOH
ENSG00000283703,0.273746843,24.31097315,4.008645819,6.064634854,1.32e-09,1.65e-06,11,125946044,125958647,1,protein_coding,VSIG10L2
ENSG00000216649,4.325033232,24.34092147,4.014838027,6.06274059,1.34e-09,1.65e-06,X,49551289,49558645,1,protein_coding,GAGE12E
ENSG00000185053,0.512468413,24.19684823,4.007839215,6.037379979,1.57e-09,1.83e-06,8,14084845,15238431,-1,protein_coding,SGCZ
ENSG00000205777,4.507139894,24.20525433,4.014835581,6.028952828,1.65e-09,1.88e-06,X,49599020,49608538,1,protein_coding,GAGE1
ENSG00000163581,2.259347362,24.10846884,4.00695937,6.016649189,1.78e-09,1.97e-06,3,170996347,171026743,-1,protein_coding,SLC2A2
ENSG00000100665,3.847003243,24.08291314,4.014845947,5.998465061,1.99e-09,2.15e-06,14,94561442,94569913,1,protein_coding,SERPINA4
ENSG00000189064,2.230806614,23.35902809,4.014897388,5.818088443,5.95e-09,5.82e-06,X,49589496,49596824,1,protein_coding,GAGE2A
ENSG00000117148,4.656376403,22.84156483,4.014200192,5.690190759,1.27e-08,1.19e-05,1,17755333,17827063,1,protein_coding,ACTL8
ENSG00000181433,0.885739114,22.64033995,4.015089801,5.638812846,1.71e-08,1.53e-05,X,135889205,135913062,1,protein_coding,SAGE1
ENSG00000175202,0.173320483,-22.52342235,4.004650044,-5.624317257,1.86e-08,1.63e-05,15,72675798,72686182,-1,protein_coding,HIGD2B
ENSG00000196620,1.069876642,22.32407871,4.015029841,5.560127719,2.7e-08,2.27e-05,4,68646597,68670652,-1,protein_coding,UGT2B15
ENSG00000046774,1.29750997,22.32849926,4.014985199,5.561290555,2.68e-08,2.27e-05,X,142202342,142205290,-1,protein_coding,MAGEC2
ENSG00000115226,80.15281207,1.335518405,0.251351094,5.313358228,1.08e-07,7.67e-05,2,27491883,27495200,-1,protein_coding,FNDC4
ENSG00000180424,0.455266656,21.3228098,4.01537362,5.310292843,1.09e-07,7.67e-05,20,31440632,31450257,1,protein_coding,DEFB123
ENSG00000165841,0.364213325,20.92404224,4.015522231,5.21078979,1.88e-07,0.000118001,10,94762681,94855547,1,protein_coding,CYP2C19
ENSG00000237515,1.542061655,20.75264264,4.009574517,5.175771782,2.27e-07,0.000137665,16,12901598,13240416,1,protein_coding,SHISA9
ENSG00000223417,0.341449992,20.76573534,4.015573112,5.171300524,2.32e-07,0.000137665,11,89911111,89922245,-1,protein_coding,TRIM49D1
ENSG00000250799,0.341449992,20.76573534,4.015573112,5.171300524,2.32e-07,0.000137665,19,35799988,35813299,-1,protein_coding,PRODH2
ENSG00000136732,811.3013758,1.062962306,0.211039724,5.036787786,4.73e-07,0.000248806,2,126656133,126696667,1,protein_coding,GYPC
ENSG00000107187,0.141259541,-20.12831047,4.025093142,-5.000706758,5.71e-07,0.000250002,9,136196250,136205128,-1,protein_coding,LHX3
ENSG00000229314,26.39252973,4.305316178,0.863412793,4.986393779,6.15e-07,0.000250002,9,114323098,114326479,1,protein_coding,ORM1
ENSG00000157131,0.182106662,19.83080157,4.016268994,4.937617875,7.91e-07,0.000250002,1,56854768,56918223,1,protein_coding,C8A
ENSG00000233701,0.182106662,19.83080157,4.016268994,4.937617875,7.91e-07,0.000250002,3,139042102,139044892,-1,protein_coding,PRR23C
ENSG00000138083,0.15934333,19.86264135,4.016482174,4.945283084,7.6e-07,0.000250002,2,44941702,44946071,1,protein_coding,SIX3
ENSG00000160505,0.15934333,19.86264135,4.016482174,4.945283084,7.6e-07,0.000250002,19,55836540,55881855,1,protein_coding,NLRP4
ENSG00000174016,0.15934333,19.86264135,4.016482174,4.945283084,7.6e-07,0.000250002,X,80335504,80445311,1,protein_coding,TENT5D
ENSG00000283758,0.15934333,19.86264135,4.016482174,4.945283084,7.6e-07,0.000250002,19,35586161,35587296,1,protein_coding,PMIS2
ENSG00000102021,1.407654142,19.88274703,4.007328472,4.961596526,6.99e-07,0.000250002,X,115289715,115307563,1,protein_coding,LUZP4
ENSG00000285085,0.250396661,20.14608378,4.015862148,5.016627325,5.26e-07,0.000250002,6,32150495,32154373,-1,protein_coding,
ENSG00000100433,0.152266117,19.72751196,4.020690877,4.906498052,9.27e-07,0.000288762,14,88180103,88326907,-1,protein_coding,KCNK10
ENSG00000166741,1382.194517,0.803771357,0.166001266,4.841959195,1.29e-06,0.000391705,11,114257787,114313536,1,protein_coding,NNMT
ENSG00000173432,64.83930626,2.440082901,0.517458114,4.715517707,2.41e-06,0.000699098,11,18266260,18269977,1,protein_coding,SAA1
ENSG00000148584,4.346021042,18.84015452,4.014712623,4.692777862,2.7e-06,0.000776162,10,50799409,50885675,-1,protein_coding,A1CF
ENSG00000088826,101.7259622,1.131245273,0.24373939,4.641208273,3.46e-06,0.000990711,20,4120980,4187747,1,protein_coding,SMOX
ENSG00000101323,0.8190361,18.55869712,4.015118955,4.622203558,3.8e-06,0.0010714,20,7882985,7940458,-1,protein_coding,HAO1
ENSG00000256235,775.8643819,0.869095176,0.192691042,4.510303988,6.47e-06,0.001790641,5,150778757,150796734,1,protein_coding,SMIM3
ENSG00000242221,74028.77919,-1.874416757,0.418516954,-4.478711649,7.51e-06,0.002063637,19,43064209,43083045,-1,protein_coding,PSG2
ENSG00000155189,1703.956449,-0.917603691,0.20543865,-4.466558223,7.95e-06,0.002170178,8,6708642,6761503,1,protein_coding,AGPAT5
ENSG00000003436,17325.92434,-1.132185685,0.255669623,-4.428315228,9.5e-06,0.002559679,2,187464230,187565760,-1,protein_coding,TFPI
ENSG00000163661,168.3609435,1.635288945,0.37106332,4.407034752,1.05e-05,0.002788685,3,157436850,157443633,1,protein_coding,PTX3
ENSG00000143416,489.8120791,1.056048579,0.241894166,4.365746384,1.27e-05,0.003350098,1,151364304,151372707,-1,protein_coding,SELENBP1
ENSG00000104415,61.37547456,1.134704136,0.260053506,4.363348727,1.28e-05,0.003365874,8,133191039,133231690,1,protein_coding,CCN4
ENSG00000160868,49.45162053,6.44003107,1.476675432,4.361168969,1.29e-05,0.00337847,7,99756960,99784248,-1,protein_coding,CYP3A4
ENSG00000249992,55.26249611,1.296952299,0.298474048,4.345276613,1.39e-05,0.003610167,3,45224466,45226287,-1,protein_coding,TMEM158
ENSG00000165092,397.670703,1.120467801,0.257995442,4.342975175,1.41e-05,0.003625827,9,72900671,73080442,-1,protein_coding,ALDH1A1
ENSG00000197273,209.1766723,-1.331039799,0.309595833,-4.299282028,1.71e-05,0.004340065,1,42162690,42164745,-1,protein_coding,GUCA2A
ENSG00000166979,202.8779901,1.019237902,0.238484392,4.27381387,1.92e-05,0.004837881,21,32412006,32515397,1,protein_coding,EVA1C
ENSG00000118523,4782.5285,0.94997671,0.22248327,4.269879303,1.96e-05,0.004894708,6,131948176,131951372,-1,protein_coding,CCN2
ENSG00000119973,0.294045754,17.09213889,4.015866775,4.25615187,2.08e-05,0.005174159,10,118589997,118595648,-1,protein_coding,PRLHR
ENSG00000182636,1295.699207,0.78116464,0.183943808,4.246756922,2.17e-05,0.005332758,15,23685400,23687305,-1,protein_coding,NDN
ENSG00000228278,3.90565341,4.355352624,1.036265404,4.20293161,2.63e-05,0.006366681,9,114329869,114333251,1,protein_coding,ORM2
ENSG00000154319,356.0751846,-1.404594574,0.335442251,-4.187291766,2.82e-05,0.006705888,8,11421476,11475908,-1,protein_coding,FAM167A
ENSG00000162571,93.41991331,0.846859888,0.202147583,4.189314939,2.8e-05,0.006705888,1,1173880,1197936,1,protein_coding,TTLL10
ENSG00000213030,2199.428958,-2.1005148,0.503123456,-4.174949058,2.98e-05,0.00704024,19,49047638,49049111,-1,protein_coding,CGB8
ENSG00000163630,46.1967489,-3.583920664,0.85898173,-4.172289746,3.02e-05,0.007083146,3,63228315,63616924,1,protein_coding,SYNPR
ENSG00000160282,36.28033297,-1.423935901,0.343292117,-4.147884066,3.36e-05,0.007752041,21,46136160,46155579,-1,protein_coding,FTCD
ENSG00000168785,257.3214807,0.827896623,0.200102995,4.137352477,3.51e-05,0.008072093,4,98470367,98658611,-1,protein_coding,TSPAN5
ENSG00000109072,219.8453159,1.052329443,0.254876476,4.128782148,3.65e-05,0.008333359,17,28367284,28373091,-1,protein_coding,VTN
ENSG00000124466,1249.110611,-1.021921103,0.247769997,-4.124474784,3.72e-05,0.008444947,19,43460787,43465608,-1,protein_coding,LYPD3
ENSG00000224389,54.78486959,1.476517304,0.358215142,4.121872944,3.76e-05,0.008494999,6,32014795,32035418,1,protein_coding,C4B
ENSG00000182712,0.158908965,-16.52198444,4.018492304,-4.111488386,3.93e-05,0.008699258,X,155061622,155071136,-1,protein_coding,CMC4
ENSG00000198049,0.158908965,-16.52198444,4.018492304,-4.111488386,3.93e-05,0.008699258,1,206106936,206117699,-1,protein_coding,AVPR1B
ENSG00000205857,0.158908965,-16.52198444,4.018492304,-4.111488386,3.93e-05,0.008699258,12,7765216,7774121,1,protein_coding,NANOGNB
ENSG00000154553,530.5928675,0.611980244,0.149017668,4.106762996,4.01e-05,0.008786585,4,185500660,185535507,-1,protein_coding,PDLIM3
ENSG00000169900,0.248519089,16.43204134,4.016109673,4.091532024,4.29e-05,0.009335575,16,31215962,31217135,-1,protein_coding,PYDC1
ENSG00000163141,61.660627,-1.262930989,0.308903017,-4.0884385,4.34e-05,0.009412156,1,151036321,151047720,1,protein_coding,BNIPL
ENSG00000100625,151.0313376,-0.763747571,0.18734736,-4.076639079,4.57e-05,0.009851754,14,60709539,60724351,-1,protein_coding,SIX4
ENSG00000285938,28.47219665,-1.264762637,0.310883088,-4.068290249,4.74e-05,0.01005669,3,187743686,187746028,1,protein_coding,
ENSG00000148677,172.4601984,1.416922117,0.348432012,4.066566984,4.77e-05,0.0100804,10,90912096,90921087,-1,protein_coding,ANKRD1
ENSG00000041880,158.8220999,0.758204693,0.187041581,4.053669188,5.04e-05,0.010494703,3,51942345,51948867,1,protein_coding,PARP3
ENSG00000070526,90.57574637,0.811095408,0.200300012,4.049402697,5.13e-05,0.010622604,17,76624761,76643786,-1,protein_coding,ST6GALNAC1
ENSG00000244242,11.74147789,2.172872201,0.536706431,4.048530209,5.15e-05,0.010622604,11,1732406,1750595,-1,protein_coding,IFITM10
ENSG00000244255,0.10593931,-16.17267172,4.018964102,-4.024089618,5.72e-05,0.011133387,6,31927698,31952048,1,protein_coding,
ENSG00000283201,0.10593931,-16.17267172,4.018964102,-4.024089618,5.72e-05,0.011133387,19,23222755,23274221,-1,protein_coding,
ENSG00000133169,37.31559294,-2.996603632,0.743084484,-4.032655364,5.52e-05,0.011133387,X,103062651,103064171,-1,protein_coding,BEX1
ENSG00000182132,18.1007206,2.248567369,0.557439943,4.033739237,5.49e-05,0.011133387,5,170353487,170736632,1,protein_coding,KCNIP1
ENSG00000039537,34.70396151,1.788943563,0.445305611,4.01733892,5.89e-05,0.011404278,5,41142116,41261438,-1,protein_coding,C6
ENSG00000117525,1737.021565,0.76265012,0.189948005,4.015046754,5.94e-05,0.011462858,1,94529173,94541759,-1,protein_coding,F3
ENSG00000102098,223.0911271,-0.790661503,0.197012788,-4.013249657,5.99e-05,0.011497774,X,18239313,18354688,-1,protein_coding,SCML2
ENSG00000253368,240.8785081,0.898918426,0.224640993,4.001577878,6.29e-05,0.01197074,1,26993692,27000886,1,protein_coding,TRNP1
ENSG00000163431,1059.966003,0.921123989,0.230188917,4.001600081,6.29e-05,0.01197074,1,201896456,201946588,-1,protein_coding,LMOD1
ENSG00000188373,0.14899688,-16.02499057,4.018391453,-3.98791177,6.67e-05,0.0126152,10,84173801,84185294,1,protein_coding,C10orf99
ENSG00000139780,74.84943404,-1.098208907,0.275519598,-3.985955678,6.72e-05,0.0126152,13,102685747,102695044,-1,protein_coding,METTL21C
ENSG00000135114,72.70139952,1.20067213,0.301186118,3.986478988,6.71e-05,0.0126152,12,121017763,121039246,-1,protein_coding,OASL
ENSG00000285330,0.079454483,-15.93594212,4.01943412,-3.964722805,7.35e-05,0.012766614,4,109713916,109801999,-1,protein_coding,
ENSG00000174697,2404.324289,-2.571228124,0.645913421,-3.980762808,6.87e-05,0.012766614,7,128241278,128257629,1,protein_coding,LEP
ENSG00000285437,28.29605528,-1.119472117,0.281160484,-3.981612564,6.84e-05,0.012766614,7,102562133,102572583,-1,protein_coding,POLR2J3
ENSG00000196155,245.2915139,0.717153413,0.180192476,3.979929849,6.89e-05,0.012766614,16,67277510,67289499,1,protein_coding,PLEKHG4
ENSG00000151224,10.73461804,2.175327489,0.547285061,3.974761315,7.04e-05,0.012766614,10,80271820,80289658,-1,protein_coding,MAT1A
ENSG00000154856,1117.539611,0.725761658,0.184005488,3.94423919,8.01e-05,0.013794504,18,10454635,10489949,1,protein_coding,APCDD1
ENSG00000143443,144.6701388,-0.758526496,0.193124888,-3.927647557,8.58e-05,0.014721034,1,151047751,151051986,1,protein_coding,C1orf56
ENSG00000163536,1047.790068,-1.4383061,0.366328544,-3.926273628,8.63e-05,0.014745149,3,167735243,167825569,1,protein_coding,SERPINI1
ENSG00000137860,86.13796371,1.397373055,0.357430629,3.909494431,9.25e-05,0.015617351,15,45252234,45277846,1,protein_coding,SLC28A2
ENSG00000137261,95.61643386,-1.521094401,0.389437517,-3.905875359,9.39e-05,0.015789562,6,24544104,24646191,-1,protein_coding,KIAA0319
ENSG00000196337,567.4037039,-1.776255326,0.456649132,-3.889759561,0.000100344,0.016675677,19,49054274,49058860,-1,protein_coding,CGB7
ENSG00000111913,1646.694776,-1.032880507,0.266119891,-3.88126007,0.000103917,0.017201477,6,24804282,25042170,-1,protein_coding,RIPOR2
ENSG00000145623,3734.721746,-1.055118367,0.272048349,-3.878422238,0.000105136,0.017335091,5,38845858,38945596,1,protein_coding,OSMR
ENSG00000109906,281.5699289,1.279943358,0.330659014,3.870886033,0.00010844,0.017810079,11,114059041,114256765,1,protein_coding,ZBTB16
ENSG00000137869,182373.709,-1.343911894,0.347427613,-3.868178131,0.000109652,0.017938909,15,51208057,51338601,-1,protein_coding,CYP19A1
ENSG00000159921,2579.789629,-0.865281323,0.224136823,-3.860504983,0.000113153,0.018439981,9,36214441,36277042,-1,protein_coding,GNE
ENSG00000148053,131.863765,1.822150552,0.472527975,3.856174974,0.000115175,0.018697048,9,84668375,85095751,1,protein_coding,NTRK2
ENSG00000068001,3588.00621,0.784062389,0.203788219,3.847437265,0.00011936,0.019227908,3,50317790,50322782,-1,protein_coding,HYAL2
ENSG00000188573,7.437940499,2.112757609,0.549031943,3.848150618,0.000119013,0.019227908,5,168529305,168530634,1,protein_coding,FBLL1
ENSG00000108309,56.54702257,1.090199891,0.283573699,3.844502833,0.000120797,0.019277937,17,44308413,44318670,1,protein_coding,RUNDC3A
ENSG00000086289,79.09662775,1.090575585,0.283708665,3.843998157,0.000121046,0.019277937,7,37920640,37951936,1,protein_coding,EPDR1
ENSG00000119138,318.7550549,0.997664884,0.259626067,3.842699216,0.000121689,0.019307154,9,70384604,70414657,-1,protein_coding,KLF9
ENSG00000166106,376.4579634,0.8158303,0.212647664,3.836535443,0.000124782,0.019723562,11,130448645,130476645,1,protein_coding,ADAMTS15
ENSG00000165949,3164.782646,0.762694688,0.199092411,3.830857654,0.000127697,0.020108749,14,94104836,94116695,1,protein_coding,IFI27
ENSG00000150687,2654.548953,0.817471476,0.213675542,3.825760622,0.000130369,0.020328259,11,86791059,86952910,1,protein_coding,PRSS23
ENSG00000196139,264.2689308,1.176634863,0.307582042,3.825434202,0.000130542,0.020328259,10,5035354,5107686,1,protein_coding,AKR1C3
ENSG00000180801,153.2900704,0.792974866,0.207487035,3.821804404,0.000132479,0.02055376,4,113900284,113979727,-1,protein_coding,ARSJ
ENSG00000189052,3266.258979,-1.950712885,0.510639891,-3.820134149,0.000133379,0.02061737,19,49043848,49045311,1,protein_coding,CGB5
ENSG00000099860,1233.485766,0.58387069,0.152904125,3.81854113,0.000134243,0.020674929,19,2476122,2478259,1,protein_coding,GADD45B
ENSG00000221946,2.376895391,3.323170101,0.870719595,3.816578977,0.000135315,0.020763904,19,35143250,35154302,1,protein_coding,FXYD7
ENSG00000143556,11.1281633,-2.285022324,0.600696264,-3.803956277,0.000142403,0.021623149,1,153457744,153460651,-1,protein_coding,S100A7
ENSG00000177076,1022.321076,-1.038956488,0.273131967,-3.803862652,0.000142457,0.021623149,9,19409009,19452505,1,protein_coding,ACER2
ENSG00000152061,1876.463704,-0.664824507,0.175080256,-3.797255729,0.000146307,0.022027507,1,174159410,174995308,1,protein_coding,RABGAP1L
ENSG00000157514,3311.213448,0.896965736,0.236219295,3.797173881,0.000146355,0.022027507,X,107713221,107777342,-1,protein_coding,TSC22D3
ENSG00000168874,122.9962947,1.102641385,0.290428471,3.796602244,0.000146693,0.022027507,2,85751344,85791383,1,protein_coding,ATOH8
ENSG00000128881,883.5840231,-0.850325235,0.224158762,-3.793406195,0.000148595,0.022233693,15,42738730,42920809,-1,protein_coding,TTBK2
ENSG00000127472,605.8147502,0.72779677,0.191956589,3.791465417,0.000149761,0.022249828,1,20028179,20091911,1,protein_coding,PLA2G5
ENSG00000008517,768.9761166,0.781721458,0.206137364,3.792235629,0.000149297,0.022249828,16,3065297,3082192,1,protein_coding,IL32
ENSG00000144485,52.46388087,0.860911778,0.228685484,3.764610521,0.000166809,0.024695349,2,238238267,238240662,-1,protein_coding,HES6
ENSG00000138463,2113.911298,-0.867797454,0.230609934,-3.763053215,0.000167851,0.024762509,3,122795069,122881139,1,protein_coding,SLC49A4
ENSG00000104827,1239.279906,-2.048765465,0.544782335,-3.760704658,0.000169435,0.024908779,19,49022869,49024333,-1,protein_coding,CGB3
ENSG00000158856,301.551376,1.04406575,0.277859884,3.757526041,0.000171602,0.025052034,8,22048995,22082527,1,protein_coding,DMTN
ENSG00000170385,1454.135289,-0.639714043,0.170899461,-3.743218619,0.000181678,0.026340182,1,211571568,211579161,-1,protein_coding,SLC30A1
ENSG00000240694,17.7391168,1.373344281,0.36685684,3.743542801,0.000181444,0.026340182,8,26504701,26514092,-1,protein_coding,PNMA2
ENSG00000188536,44368.04431,1.292454634,0.346011798,3.735290646,0.000187499,0.027090635,16,172876,173710,1,protein_coding,HBA2
ENSG00000172493,11353.45749,-1.025011852,0.274770309,-3.730431636,0.000191152,0.027523925,4,86935002,87141039,1,protein_coding,AFF1
ENSG00000005243,172.1868018,0.701966232,0.188287693,3.728157812,0.000192885,0.027678609,17,48026167,48038030,-1,protein_coding,COPZ2
ENSG00000101400,123.1359559,0.667752922,0.179173393,3.726853135,0.000193885,0.027727584,20,33407957,33443763,-1,protein_coding,SNTA1
ENSG00000141448,223.080424,0.750626731,0.201631445,3.722766204,0.000197052,0.028084916,18,22169589,22202528,1,protein_coding,GATA6
ENSG00000186281,48.85954731,1.601456111,0.431030665,3.715411082,0.000202874,0.028816961,2,96021946,96039451,-1,protein_coding,GPAT2
ENSG00000180616,10.76798354,1.634225933,0.440433206,3.710496643,0.000206853,0.02918502,17,73165010,73176633,1,protein_coding,SSTR2
ENSG00000140044,299.8123851,0.712988216,0.192274835,3.708172301,0.000208761,0.02935565,14,75427716,75474111,1,protein_coding,JDP2
ENSG00000114378,73.22542094,1.042953055,0.28147248,3.705346457,0.000211102,0.029585943,3,50299890,50312381,-1,protein_coding,HYAL1
ENSG00000039560,6382.478748,-0.76463964,0.206605119,-3.700971411,0.000214776,0.030000808,5,34656328,34832612,1,protein_coding,RAI14
ENSG00000160062,99.40331005,0.686414206,0.18557392,3.69887216,0.00021656,0.030104933,1,32539427,32605941,1,protein_coding,ZBTB8A
ENSG00000172482,17.45836008,2.181683792,0.589897558,3.698411298,0.000216953,0.030104933,2,240868824,240880502,1,protein_coding,AGXT
ENSG00000196843,423.8861196,0.502660181,0.136298045,3.687948587,0.000226069,0.031164211,2,96536743,96552634,1,protein_coding,ARID5A
ENSG00000206172,8733.925259,1.304659996,0.353911554,3.686401256,0.000227448,0.031251751,16,176680,177522,1,protein_coding,HBA1
ENSG00000147571,23286.15575,-1.963631206,0.532974419,-3.684287905,0.000229343,0.031409519,8,66176376,66178464,-1,protein_coding,CRH
ENSG00000168014,1156.531696,-0.732133279,0.198832398,-3.682162897,0.000231264,0.031468958,11,74012718,74171210,-1,protein_coding,C2CD3
ENSG00000183160,114.8501337,0.876380243,0.238123566,3.680359147,0.000232906,0.031588773,12,108589851,108598320,-1,protein_coding,TMEM119
ENSG00000113302,13.29518735,-1.699429465,0.4626604,-3.673168189,0.000239562,0.032387046,5,159314780,159330863,-1,protein_coding,IL12B
ENSG00000118137,58.028353,2.095892837,0.571255324,3.66892482,0.000243573,0.032823762,11,116835751,116837622,-1,protein_coding,APOA1
ENSG00000146242,1310.702962,-0.849056073,0.231667536,-3.664976487,0.000247361,0.033227815,6,82363206,82367420,1,protein_coding,TPBG
ENSG00000064042,2939.754451,-1.056532213,0.289398514,-3.650786593,0.000261438,0.034785373,4,41359607,41700044,1,protein_coding,LIMCH1
ENSG00000204520,189.004499,0.756094584,0.207248168,3.648257022,0.000264025,0.035018768,6,31399784,31415315,1,protein_coding,MICA
ENSG00000096060,819.1875408,1.114438201,0.30565432,3.646073781,0.000266278,0.035206414,6,35573585,35728583,-1,protein_coding,FKBP5
ENSG00000160284,208.080129,-0.875560321,0.240536067,-3.640037575,0.000272598,0.035816856,21,46161148,46184476,-1,protein_coding,SPATC1L
ENSG00000198074,15.3935764,3.479499682,0.955763384,3.640545078,0.000272061,0.035816856,7,134527567,134541412,1,protein_coding,AKR1B10
ENSG00000130224,165.5203825,0.754889867,0.207655299,3.635302681,0.000277654,0.036367543,X,115110616,115234096,-1,protein_coding,LRCH2
ENSG00000142871,6614.055768,0.925922365,0.254882637,3.632740051,0.000280427,0.036503324,1,85580761,85584589,1,protein_coding,CCN1
ENSG00000103546,1703.71481,-1.534957455,0.423371733,-3.625554886,0.000288342,0.037251845,16,55655988,55707645,1,protein_coding,SLC6A2
ENSG00000198825,849.967945,-0.528722518,0.145849965,-3.625112398,0.000288836,0.037251845,10,119726042,119829147,1,protein_coding,INPP5F
ENSG00000168813,1200.214276,-0.542542313,0.149743685,-3.623139857,0.000291048,0.037422409,19,32345594,32387667,1,protein_coding,ZNF507
ENSG00000130695,921.8041794,-0.978344379,0.27029903,-3.619489055,0.000295185,0.037838615,1,26234200,26278808,1,protein_coding,CEP85
ENSG00000107593,4.426935688,2.993092988,0.828966327,3.610632773,0.000305451,0.039035509,10,100288149,100330264,-1,protein_coding,PKD2L1
ENSG00000204618,154.1676436,-1.132207974,0.315163863,-3.592442236,0.000327593,0.04132271,6,30070266,30075849,-1,protein_coding,RNF39
ENSG00000134460,106.1727045,0.927448871,0.258375582,3.589537621,0.000331265,0.041520614,10,6010689,6062370,-1,protein_coding,IL2RA
ENSG00000198648,66.62936241,0.66418511,0.185113305,3.587992276,0.000333234,0.041575164,2,167954020,168247595,-1,protein_coding,STK39
ENSG00000164949,63.69439835,0.554477076,0.154683222,3.584597416,0.000337599,0.041995061,8,94249253,94262350,-1,protein_coding,GEM
ENSG00000112195,3107.803604,-1.864937297,0.520515148,-3.58286844,0.000339842,0.042149404,6,41189749,41201149,-1,protein_coding,TREML2
ENSG00000188549,85.94383824,0.778907599,0.217541543,3.58050048,0.000342937,0.042408159,15,40331452,40340939,-1,protein_coding,CCDC9B
ENSG00000180875,637.6857062,-1.108980632,0.309843212,-3.579167104,0.000344691,0.04241884,1,240489573,240612155,-1,protein_coding,GREM2
ENSG00000113916,871.2524667,-0.869390461,0.242921005,-3.578901959,0.000345041,0.04241884,3,187721377,187745725,-1,protein_coding,BCL6
ENSG00000088881,155.8843028,0.800377748,0.223916177,3.574452532,0.000350961,0.043020919,20,2692780,2760108,1,protein_coding,EBF4
ENSG00000152049,126.2655476,0.752288433,0.21090686,3.566922536,0.000361198,0.04414703,2,223052190,223198399,1,protein_coding,KCNE4
ENSG00000129195,10.49883956,1.324873158,0.371596288,3.565356276,0.000363362,0.044282799,17,6444441,6451469,1,protein_coding,PIMREG
ENSG00000143369,2903.698623,-1.08691026,0.305337968,-3.559695725,0.000371285,0.045067713,1,150508062,150513789,1,protein_coding,ECM1
ENSG00000007944,6157.716267,-0.599540771,0.168446861,-3.559227922,0.000371947,0.045067713,6,16129086,16148248,1,protein_coding,MYLIP
ENSG00000100368,5430.595857,-1.007903841,0.283299333,-3.557734603,0.000374067,0.045194384,22,36913628,36940439,1,protein_coding,CSF2RB
ENSG00000164989,113.58372,-0.642179069,0.180668454,-3.554461528,0.000378754,0.045545931,9,15553043,16061663,1,protein_coding,CCDC171
ENSG00000197249,547.1362437,1.041786458,0.293114902,3.554191382,0.000379143,0.045545931,14,94376747,94390693,-1,protein_coding,SERPINA1
ENSG00000105643,394.3545098,0.804703995,0.226673088,3.550064105,0.000385137,0.046134188,19,18001132,18014102,1,protein_coding,ARRDC2
ENSG00000114853,342.6326726,0.701074756,0.197687396,3.54638066,0.000390562,0.046518873,3,42653697,42667580,1,protein_coding,ZBTB47
ENSG00000153714,527.9231243,0.67865851,0.191982571,3.535000624,0.000407774,0.048159736,9,12775020,12823060,1,protein_coding,LURAP1L
ENSG00000116721,0.64561338,-14.13567833,4.000484523,-3.533491567,0.000410109,0.048299832,1,12791397,12796628,1,protein_coding,PRAMEF1
ENSG00000277196,12.86834676,1.790276625,0.507230312,3.529514274,0.000416323,0.048894723,KI270734.1,138082,161852,-1,protein_coding,
ENSG00000111371,7107.110972,-0.883306483,0.250407973,-3.527469482,0.000419552,0.048990101,12,46183063,46270017,-1,protein_coding,SLC38A1
ENSG00000170677,1549.604672,-0.477788855,0.135431836,-3.527891722,0.000418883,0.048990101,18,70289045,70330199,1,protein_coding,SOCS6
ENSG00000198336,113.2897259,1.231370711,0.349147768,3.526789581,0.000420631,0.048990101,17,47200446,47223679,1,protein_coding,MYL4
ENSG00000273820,1514.476521,-0.761112726,0.215941102,-3.524631105,0.000424073,0.049062508,X,49879484,49882558,1,protein_coding,USP27X
ENSG00000130881,289.2119628,0.609957926,0.17310448,3.523640319,0.000425662,0.049062508,19,33177603,33208864,1,protein_coding,LRP3
ENSG00000165802,246.3244481,0.67922485,0.192798654,3.522975069,0.000426731,0.049062508,9,137447570,137459334,-1,protein_coding,NSMF
ENSG00000123119,53.96904133,0.820426815,0.232893568,3.522754283,0.000427087,0.049062508,8,90791741,90959393,1,protein_coding,NECAB1
ENSG00000008394,128.3500176,1.203616833,0.341547042,3.52401481,0.00042506,0.049062508,12,16347142,16609259,1,protein_coding,MGST1
ENSG00000105784,17.32786023,-1.282239313,0.364212928,-3.520576052,0.00043061,0.049102047,7,87627548,87832296,1,protein_coding,RUNDC3B
ENSG00000157625,2000.203507,-0.634534468,0.180176923,-3.521729961,0.000428741,0.049102047,X,30827442,30975084,-1,protein_coding,TAB3
ENSG00000175311,1.526119212,6.204828924,1.762906497,3.519658549,0.000432103,0.049102047,16,21233699,21253850,1,protein_coding,ANKS4B
ENSG00000269190,100.5519453,0.714787447,0.203166147,3.518240902,0.000434418,0.049232066,19,38941401,38975742,-1,protein_coding,FBXO17
ENSG00000189143,6615.922819,-0.807115934,0.229555588,-3.515993405,0.000438112,0.04951724,7,73799542,73832690,1,protein_coding,CLDN4
ENSG00000145335,556.3981568,1.012308652,0.288029755,3.514597475,0.000440421,0.049644775,4,89700345,89838315,-1,protein_coding,SNCA
ENSG00000163017,927.4935341,0.907786723,0.258471091,3.512140252,0.000444513,0.049972096,2,73892314,73919865,1,protein_coding,ACTG2
